商家名称,地址,商家logo,经度,纬度
美团,美食,黄恩记茶餐厅（地王广场店）,越秀区较场东路地王广场负一层1038A号铺（木屋烧烤旁边）,https://img.meituan.net/600.600/msmerchant/454f969deae72316e15318866e633d3e995934.png,113.284297,23.12579
美团,美食,喫茶屋Mori Café（中华广场店）,越秀区中山三路33号中华广场3楼3002c号铺（近寿司皇）,https://img.meituan.net/600.600/msmerchant/71e3c046b6fa8a35f9b02c80102c07d7156448.jpg,113.282872,23.126204
美团,美食,银记肠粉店（东川店）,越秀区中山三路9号,http://p0.meituan.net/600.600/mogu/08b2b12d2c00b34585675d26d9a957cd83555.jpg,113.28605,23.12631
美团,美食,迷鲤寿司（较场东店）,越秀区较场东路乾丰润体育商场7号门2楼（近地王广场）,https://img.meituan.net/600.600/msmerchant/a699f5135a8c6b89e175e806e1e67b3c484195.jpg,113.284547,23.125451
美团,美食,CoCo都可（中华广场店）,越秀区中山三路33号中华广场首层1011号铺位,https://img.meituan.net/600.600/msmerchant/c74b1f3ff6ae8cef0a0040f53713e86121908.jpg,113.28293,23.12631
美团,美食,禾美即做寿司料理（东山口店）,越秀区农林下路锦轩现代城四层F406房（东山口C出口）,http://p0.meituan.net/600.600/mogu/39317a59b29d194d5e2d762b341bc609176050.jpg,113.295447,23.125349
美团,美食,老佛爷炭火蛙锅（淘金店）,越秀区建设六马路誉海食街1号（地铁5号线淘金A出口南行500米，诸锣记烤串旁）,https://img.meituan.net/600.600/msmerchant/f663f14957cef8c5979dca482a2e0fd244396.jpg,113.285009,23.131449
美团,美食,Taning挞柠·匠心柠檬茶（中华广场店）,越秀区中山三路51号中华广场正门右侧（鲜芋仙隔壁）,https://img.meituan.net/600.600/msmerchant/2501cd15a1465594bf356bd8eb4340d454744.jpg,113.282514,23.126817
美团,美食,汤响自助回转火锅百汇（地王广场店）,越秀区较场西路26号地王广场B1层,http://p0.meituan.net/600.600/mogu/8db8dafa2c7ff1de9ce839c7d3f788b8104986.jpg,113.284146,23.12577
美团,美食,花椒诱惑砂锅酸菜鱼（中华广场店）,越秀区中山三路33号中华广场4楼A1铺,https://img.meituan.net/600.600/msmerchant/7eab68904b689d33a89f8ce602248885387368.jpg,113.282429,23.125675
美团,美食,幸子料理（较场西路店）,越秀区较场西路2号置地大厦2楼（近中华广场）,http://p0.meituan.net/600.600/dpmerchantalbum/60f809a4282b1b8ca201622ca1cda7f3112979.jpg,113.283582,23.122143
美团,美食,MansionC 曼森思洋楼餐吧,越秀区东平大马路3号（地铁1号线烈士陵园站D出口旁）,https://img.meituan.net/600.600/msmerchant/aadd4cdcec85516ac9b48c7a5e3697411193359.jpg,113.285137,23.127271
美团,美食,初见cake,越秀区农林下路4、6号首层105单元自编A23-2铺,https://img.meituan.net/600.600/msmerchant/56b98c4797d6e5dd3f95358fe04a1e6755398.jpg,113.295641,23.124998
美团,美食,淼鑫猪肚鸡（东风东路店）,越秀区东风东路744号首层西面自编02商铺（区庄地铁B2出口）,http://p0.meituan.net/600.600/mogu/40fdba4a9033897570c1515d0a2309c2103146.jpg,113.298493,23.130827
美团,美食,财神御厨,越秀区东华东路440号（出入境办证大厅对面）,https://img.meituan.net/600.600/msmerchant/46a4cc3443f22beeb83a458f4e7183d223962.jpg,113.288501,23.121553
美团,美食,斯塔森厨·花艺西餐（清真）,越秀区农林下路东山锦轩现代城2楼,http://p0.meituan.net/600.600/mogu/8e837f52052e5fc85c51334a527cce18216393.jpg,113.295829,23.125352
美团,美食,表妹香港靓点餐厅（较场西路店）,越秀区较场西路11号体宾商务港一楼（近海印体育宾馆）,http://p1.meituan.net/600.600/mogu/f4495b6cc4de09d64912aa25e6910e9246815.jpg,113.283084,23.122696
美团,美食,一盅两件（又一间·中山三路老店）,越秀区中山三路108号英德宾馆3楼（近有骨气）,http://p0.meituan.net/600.600/mogu/4700a4a51086f77df962b2b04907adb640239.jpg,113.27971,23.12721
美团,美食,鲜生贵姓（烈士陵园店）,越秀区东平大马路2号烈士陵园地铁D出口,https://img.meituan.net/600.600/msmerchant/4748ea3bfd202a083cec351b9f77c7dd386677.jpg,113.28547,23.12698
美团,美食,章记粥粉面（中山三路店）,越秀区东昌大街17号-4号（中华广场后街直入，中山三路银记肠粉隔壁巷子直入右拐）,http://p1.meituan.net/600.600/deal/d663c9e14bdbed2ec3e9a599075e590c328992.jpg,113.281001,23.126301
美团,美食,兰桂坊粤泰美食（较场西路店）,越秀区较场西路2号置地大厦3楼（近中华广场）,https://img.meituan.net/600.600/msmerchant/d492f5cedda184ce8d9906295d08fa74103559.jpg,113.283361,23.121907
美团,美食,不二茶铺,越秀区中山三路中华广场一楼,https://img.meituan.net/600.600/msmerchant/e4d6b95b145429629a811bec3765db8f18744.jpg,113.28268,23.126527
美团,美食,那坡里比萨（东华西店）,越秀区东华西路296号首层自编2号房（近中华广场，地铁烈士陵园站A出口，较场西路）,http://p0.meituan.net/600.600/mogu/5d28ef36934e92d87dff2cdd2acbab2d29497.jpg,113.285183,23.121772
美团,美食,新客家（丰江店）,越秀区中山二路40号新侨酒店2-3楼（近电信广场）,http://p1.meituan.net/600.600/mogu/1043c0a10a660918c6fb93648141ebc7134103.jpg,113.291778,23.125009
美团,美食,广东邮电大厦酒家（宏图厅）,越秀区中山二路18号邮电大厦2-4楼（近电信广场）,https://img.meituan.net/600.600/msmerchant/a58bc10890571624e5943bb10e33e834509973.jpg,113.293431,23.125012
美团,美食,秦筷脆皮肉夹馍（中山三路店）,越秀区东平大马路2号烈士陵园D出口往后走60米（烈士陵园公交站后面）,https://img.meituan.net/600.600/msmerchant/050567d8fd19882f604fb4eef269f2e3145433.jpg,113.285549,23.126934
美团,美食,大禾寿司（烈士陵园店）,越秀区地铁烈士陵园站A出口通道商铺（近中华广场）,https://img.meituan.net/600.600/msmerchant/fa1a92c79dbe9f43b79a271db4882beb72354.jpg,113.284668,23.126304
美团,美食,猫出没（中山三路店）,越秀区中山三路东平大马路8号大院2号楼首层（津桥外语旁边）,http://p1.meituan.net/600.600/mogu/974ecbb6e03618a0f206bd8c8b958bc792385.jpg,113.285602,23.127454
美团,美食,湖霸天阳澄湖大闸蟹（东方东路店）,越秀区东方东路758号,http://p1.meituan.net/600.600/deal/__18945094__8577929.jpg,113.300135,23.131024
美团,美食,万岁鲜生（中华广场店）,越秀区中山三路33号中华广场6楼6058铺（近地王广场）,https://img.meituan.net/600.600/msmerchant/7731180b9186d92d2f201b68f920c87e899836.png,113.282599,23.125918
美团,美食,永盈茶餐厅（农林下路店）,越秀区农林下路3号（近东山口电车总站）,http://p0.meituan.net/600.600/mogu/5f4a9331f03b56df8f4ca354df2a4c8380428.jpg,113.295059,23.125504
美团,美食,利口福秋之风（龟岗店）,越秀区东山肉菜市场A15,http://p0.meituan.net/600.600/poi/aa929f5c7184be226d5e2fb4f585942967584.jpg,113.29475,23.12068
美团,美食,百果园（东山大街店）,越秀区东山大街50号,http://p0.meituan.net/600.600/scarlett/345159dc9b7be0b35ea229d9b4eeb636176902.png,113.294564,23.120099
美团,美食,蓝藻咖啡艺术荟,越秀区均益路七号（东山口地铁站）,http://p1.meituan.net/600.600/msmerchant/266e21d8b6ca878047ec7eb4ca93c9e41587584.jpeg,113.291751,23.121516
美团,美食,金味楼酒家（执信店）,越秀区执信南路116号1-2楼（近中山大学北校区东门，广州鸣虹酒店楼下）,http://p1.meituan.net/600.600/apiback/4ed8fd35082a570285bf5ad2ac20eb18114897.jpg,113.292024,23.128884
美团,美食,鸽姿味（中华广场店）,越秀区中山三路33号中华广场4楼A8-B（C梯左边后街唐厨隔壁）,https://img.meituan.net/600.600/msmerchant/d52abfe883ddffe10f32b4cb683c556e135083.jpg,113.282218,23.125415
美团,美食,寿司皇（中华广场店）,越秀区中山三路33号中华广场3楼3002B号铺（百佳超市旁）,https://img.meituan.net/600.600/msmerchant/066241412c424fb1c5188b75cadea92a332664.jpg,113.28301,23.125658
美团,美食,表哥香港茶餐厅（中山三路店）,越秀区中山三路111号（近地铁一号线烈士陵园站A出口）,http://p1.meituan.net/600.600/merchantpic/d45460eb90cfd2bce7573456fc9b712241295.png,113.281109,23.126845
美团,美食,赛百味（农林下路店）,越秀区农林下路4、6号东山锦轩现代城首层,http://p1.meituan.net/600.600/mogu/98619a704c6f92cd86ed921d836dbb0828864.jpg,113.295645,23.125228
美团,美食,尚品渔鸽,越秀区东川路东仁新街6号101,https://p0.meituan.net/600.600/deal/9598450359e88f9887d2cbf22138ed1495776.jpg,113.285674,23.123777
美团,美食,必胜客（农林下路店）,越秀区广州农林下路37号美东百货二层,https://img.meituan.net/600.600/msmerchant/8b52f948d34c5686b5c64b2bfc90b2db1198458.jpg,113.297187,23.128739
美团,美食,藏源堂现炖燕窝店,越秀区东风东路752号东方丝绸大酒店一楼（羊城晚报社）,http://p0.meituan.net/600.600/mogu/9581d7644eca4368d736125556c712ef382871.jpg,113.30057,23.13118
美团,美食,云上咖啡·艺术会馆,越秀区东山口启明一马路4-1号别墅首层（近东山百货）,http://p1.meituan.net/600.600/bbia/78c36004bc6d2b13ad126d2c6ff97aa02530270.jpg@531_65_1786_1339a,113.293162,23.120545
美团,美食,弘前寿司,越秀区东川路6号东川大厦1楼（云香酒楼旁）,http://p0.meituan.net/600.600/deal/d4c8b2d4293df6e058cbea562273f7ee289145.jpg,113.286376,23.121124
美团,美食,COFFEEYAN LAB,越秀区东山口竹丝岗大马路6号,https://img.meituan.net/600.600/msmerchant/b956b09091c60f9a7b275a70275300511399132.jpg,113.294026,23.127652
美团,美食,紫燕百味鸡（东山店）,越秀区龟岗大马路2号之三东山肉菜市场自编A03-05号铺,http://p0.meituan.net/600.600/merchantpic/1cd548d6b51f7200fa1f163bd1478001104773.jpg,113.294865,23.120609
美团,美食,鸿富华酒家,越秀区中山二路29-31号鸿瑞大厦4-5楼（近菜园西）,http://p0.meituan.net/600.600/deal/ffe0f9b4369867ee9ad8cd9011912f91249243.jpg,113.291088,23.12457
美团,美食,1920PRIME（建设路店）,越秀区建设六马路1号前栋4楼（近东风东路）,https://img.meituan.net/600.600/msmerchant/347176a8478b33c910a0a1e3d8664db33819994.jpg,113.28495,23.13137
美团,美食,黄恩记茶餐厅（农林下路店）,越秀区农林下路4号东山锦轩现代城4楼,http://p0.meituan.net/600.600/shopmainpic/56e8c186cb690161cc7435547e8ed031912038.jpg,113.29575,23.12538
美团,美食,长乐饼屋（龟岗店）,越秀区龟岗大马路1号珀东广场之三铺(近东山百货),http://p0.meituan.net/600.600/mogu/79ff29c453d38b070fa65d9b4fa64571174365.jpg,113.29446,23.120509
美团,美食,川姐妹（东山口店）,越秀区东风东路744号（普利大厦首层，广东省设计科学院1楼）,http://p1.meituan.net/600.600/xianfu/31464b966a2756b6bfda360116adfd7861653.jpg,113.298545,23.130829
美团,美食,Bon cake生日蛋糕（烈士陵园店）,越秀区中山三路25-27号地铁站内负一层流行前线商场B016号铺,http://p0.meituan.net/feop/d91337976e8f9540e31caaff3eeffd3c57619.png@600w_600h_1l,113.28348,23.12668
美团,美食,肯德基（署前店）,越秀区署前路33号二楼,https://img.meituan.net/600.600/msmerchant/db00fab658c3661fc92ec793627684cd64503.jpg,113.295109,23.123374
美团,美食,费古168H（流行前线店）,越秀区中山三路25-27号流行前线B1层,http://p0.meituan.net/600.600/deal/c9a2c45a077a2322f4bc186aba0dc54a19110.jpg,113.283531,23.126585
美团,美食,茶水涧,越秀区百子横路18号,https://img.meituan.net/600.600/msmerchant/dfee458a8e5cdf17cb3670d674c6f239387380.jpg,113.292345,23.123397
美团,美食,72街（中山二路店）,越秀区中山二路48号一楼自编102号商铺,http://p0.meituan.net/600.600/poi/d0fd36b570c39f4fe09a4fdeb891e59d29256.jpg,113.291531,23.12503
美团,美食,菜园西街十号生活咖啡馆,越秀区中山二路菜园西10号（近东山口）,http://p0.meituan.net/600.600/deal/727e8f4632db42b89f0f5d16eff8c4e431490.jpg,113.291002,23.123407
美团,美食,新金城饼家（农林下路店）,越秀区农林下路13号（近广药附属医院）,http://p0.meituan.net/600.600/mogu/379a4843ffd47e57d9fbb2454751d53387072.jpg,113.295719,23.126449
美团,美食,天天鲜及第汤,越秀区农林下路34号金钻石大厦旁,https://img.meituan.net/600.600/msmerchant/fd92fc7c3ae77e6671c12141e2c4f9ae208261.jpg,113.297622,23.128676
美团,美食,绿茵阁（农林下路店）,越秀区农林下路34号2楼（近美东百货）,http://p0.meituan.net/600.600/bbia/01d6a473e1428f745a43ca2be099adbd59894.jpg@1_0_1232_923a,113.298147,23.129218
美团,美食,邱记潮州砂锅粥,越秀区东华东路364号（近中华广场，东川路）,http://p0.meituan.net/600.600/apiback/51ffdedbc5a848427564086bb481f3fa190216.jpg,113.28686,23.12176
美团,美食,OL's Cake鲜荟千层（流行前线店）,越秀区地铁1号线烈士陵园流行前线内（烈士陵园地铁站）,http://p0.meituan.net/600.600/ugcpic/6f28a90bcb1b5d6d47b04fab746df8e9,113.283162,23.126269
美团,美食,天河肥猫烤鱼（中华广场店）,越秀区中山三路33号中华广场七楼（中华广场美食街内）,http://p1.meituan.net/600.600/mogu/f9faa17a18dc33c3ac304185a010600d39632.jpg,113.282654,23.126397
美团,美食,新作的茶Sun Tea（中华广场店）,越秀区中山三路中华广场内,http://p1.meituan.net/600.600/mogu/318aa60118e5a14645376714c30ac9129301.jpg,113.282984,23.125753
美团,美食,荣兴美食连锁·正宗潮州鱼旦粉,越秀区东川路中山三路交叉口西50米,http://p1.meituan.net/600.600/deal/f85483a1b202e87f4f5d957540310359103469.jpg,113.286163,23.126163
美团,美食,景田百岁山（东山店）,越秀区东华东路前签通津街8号,http://p1.meituan.net/600.600/mogu/3524c5011a98f30e58c0687bdcd6e7ac40084.jpg,113.289237,23.121789
美团,美食,蓝风筝咖啡（东川路店）,越秀区东川路6号之二、之三101铺,http://p0.meituan.net/600.600/mogu/dc51aa60927d290ea68c25303d51af3523294.jpg,113.28633,23.121008
美团,美食,咕噜咕噜（地王广场店）,越秀区较场西路26号地王广场B1层,http://p1.meituan.net/600.600/mogu/3f29adaae4d42cdb09b549b34bd5928f34424.jpg,113.283636,23.12563
美团,美食,庙色唇（东山店）,越秀区东山口庙前西街48号（广东商业大厦西侧2楼）,http://p1.meituan.net/600.600/mogu/6c3238a2b0d03430df151fa23fe7016031299.jpg,113.291362,23.121932
美团,美食,Double Cake打包幸福（东山口店）,越秀区署前二街20号一层102室（近地铁一号线东山口地铁F出口）,http://p0.meituan.net/600.600/ugcpic/8035a682c0137e646b5ea73a575cccf1,113.294593,23.123633
美团,美食,HEERETEA东喜（中山三路店）,越秀区中山三路东昌大街1号,https://img.meituan.net/600.600/msmerchant/baf310bde16f5a9b35ac481af36948fb48227.jpg,113.28122,23.126822
美团,美食,台湾贡茶（地王广场店）,越秀区较场西路26号地王广场负二层2678商铺,http://p0.meituan.net/600.600/deal/6a83226085248f138f2746264170f3fc437176.jpg,113.283777,23.125787
美团,美食,摩提工房（地王广场店）,越秀区校场西路26号地王广场1006铺（地铁烈士陵园站A出口）,http://p1.meituan.net/600.600/merchantpic/c46abef5541fa54412f06884476be99b42289.png,113.283484,23.125748
美团,美食,聚客居客家菜,越秀区大塘街道中山三路威力达大厦二楼（中华广场斜对面）,http://p0.meituan.net/600.600/poi/6df07e062d6a116d75fb42e613d238b296256.jpg,113.281633,23.127143
美团,美食,状元阿哥大骨过桥米线（东山口店）,越秀区农林下路4-6号2楼,http://p0.meituan.net/600.600/mogu/befeab66f7c567805dbd04883e80d10e34433.jpg,113.295855,23.125764
美团,美食,皇上皇（东川店）,越秀区东川路92号1楼东川市场第001号档,http://p0.meituan.net/600.600/deal/26a2126e9974e190b2c31c0174b2e1c6119149.jpg,113.286639,23.12343
美团,美食,江南果道（中华广场店）,越秀区中山三路33号中华广场6楼6050铺,http://p1.meituan.net/600.600/mogu/4180377fd21416711bb9d0e3b2ce5db771253.jpg,113.282682,23.125713
美团,美食,老班长手工灌汤包,越秀区农林下路37号广百百货3楼,http://p1.meituan.net/600.600/mogu/9678f623611c60c2c804dcaff460dc05283614.jpg,113.29733,23.129495
美团,美食,俏凤凰（中华广场店）,越秀区中山三路33号中华广场6层,http://p1.meituan.net/600.600/mogu/dd4f01f16aa9c046944ec5450a166492175038.jpg,113.282723,23.126116
美团,美食,芳叔（流行前线店）,越秀区中山三路25-27号流行前线C007-C008铺（近烈士陵园A出口）,http://p0.meituan.net/600.600/mogu/e2f879e74d1aa3081e5ddb32d789e28977079.jpg,113.283477,23.12668
美团,美食,利口福（农林店）,越秀区农林下路东山公馆旁,http://p0.meituan.net/600.600/shopmainpic/1960250474453a508598f387364b326080237.jpg,113.295402,23.125562
美团,美食,鱼门街·腩主角（中华广场店）,越秀区中山三路33号中华广场6楼,http://p0.meituan.net/600.600/mogu/6ffe72ad32244f96aac5cbc839fc6abb69933.jpg,113.282614,23.126147
美团,美食,招牌茶记,越秀区东风东路752号,http://p1.meituan.net/600.600/mogu/cc8ce3dd13a767701e03e696a3fc16fe73487.jpg,113.30033,23.13124
美团,美食,双良记（东华西路店）,越秀区东华西路260号首层,http://p1.meituan.net/600.600/poi/d5bb3789666b896e05b192aaf7cd573047104.jpg,113.284232,23.121539
美团,美食,Partners Club,越秀区中山三路33号中华国际中心B塔55A层5404（中华广场后面）,http://p0.meituan.net/600.600/shopmainpic/628e0c1f85aec34b24e242b8e361d516163202.jpg,113.282594,23.125406
美团,美食,蒸好味·西餐餐吧（王府井店）,越秀区王府井百货大楼7楼,http://p1.meituan.net/600.600/bbia/a703ff3c742795b57435535dc9f525271730594.jpg@43_36_2146_1609a,113.297755,23.129656
美团,美食,芝士客（地王广场店）,越秀区地王广场1065A（近烈士陵园地铁站A出口）,http://p0.meituan.net/600.600/mogu/776fa57a183eb9ef3aa2263f9306135228395.jpg,113.284607,23.12578
美团,美食,思乐雪·花漾健康果昔（地王店）,越秀区中山三路地王广场负三楼,http://p1.meituan.net/600.600/mogu/3e87a2a8f4edd6eacdcf64b98a1562a677063.jpg,113.283526,23.125712
美团,美食,来壹打钵仔糕,越秀区较场西路中华广场6楼,https://img.meituan.net/600.600/msmerchant/cdd79de4ea048e8187033e98361b4fc1733868.png,113.282493,23.125863
美团,美食,一品柠檬鱼火锅（总店）,越秀区中山三路36号威力达大厦3楼,http://p1.meituan.net/600.600/mogu/95d4fe69c24d0a427ea6abed985e4bf866990.jpg,113.281924,23.127266
美团,美食,客2代·客家菜（中华广场店）,越秀区中山三路33号中华广场7层,http://p1.meituan.net/600.600/mogu/0d102bf2769834c012693f6aa0b3cfa096293.jpg,113.282481,23.125551
美团,美食,小面飞（执信南路店）,越秀区执信南路120号102-103房（中山大学北校区东侧）,http://p1.meituan.net/600.600/mogu/305a88748702dd48938ebb4c75d5ea7d287956.jpg,113.292013,23.129205
美团,美食,麦祥记饺子云吞连锁店（中山四店）,越秀区中山四路榨粉街进150米,http://p1.meituan.net/600.600/poi/8892baabd34e1fd26d91bcb52c6b876875776.jpg,113.273762,23.127793
美团,美食,仙庙烧鸡（中山三路直营店）,越秀区中山三路88号（地铁烈士陵园D出口直走300米或公交站大东门站）,http://p0.meituan.net/600.600/mogu/b136f19d8f85cbc7b929052ec6649620126617.jpg,113.280324,23.127223
美团,美食,锦祺花芬鲜花（横马店）,越秀区东山口启明横马路,http://p1.meituan.net/600.600/dpdeal/111ee25c96e7307138346bc13a01be48554096.jpg
美团,美食,灏瀛牛鲜汤（中山三路店）,越秀区中山三路94号（大东门中山三路公交站牌）,http://p1.meituan.net/600.600/mogu/4d0c55ddc80f391c4d383d124eeace7433317.jpg,113.280271,23.127127
美团,美食,秦王拉面（中华广场店）,越秀区中山三路33号中华广场7层（真功夫）,http://p0.meituan.net/600.600/mogu/9e0fb4bdda4b4ee6ec98ff0e4a559c0f59973.jpg,113.282633,23.125847
美团,美食,王小星湖南常德米粉（中华广场店）,越秀区中山三路与东平大马路交叉路口处,http://p1.meituan.net/600.600/waimaipoi/8d9959fd483ad538561ce88f34630b86256000.jpg,113.285304,23.126536
美团,美食,牛状元（东山口店）,越秀区农林下路9号112号铺,http://p0.meituan.net/600.600/deal/3e15ba07b4daf6bced2831afb93ec28323670.jpg,113.29527,23.12562
美团,美食,牛鲜生澳洲牛肉火锅铁板放题,越秀区中山三路33号中华广场7层自编C2,https://img.meituan.net/600.600/msmerchant/654b13fb6a8d17cfbd7df9b9e762e22774330.jpg,113.282676,23.125681
美团,美食,遇见小面（流行前线店）,越秀区烈士陵园地铁站A出口（流行前线入口处）,https://img.meituan.net/600.600/msmerchant/e43b987996072c5d4a76ca83d267fa39131977.jpg,113.284787,23.126474
美团,美食,汕头八合里海记牛肉店（中山三路店）,越秀区中山三路36号威力达大厦聚客点美食广场负一楼05-06铺（近烈士陵园地铁站D出口）,https://img.meituan.net/600.600/msmerchant/c9cc4b55c127c286610d4d3ae76cc26a43627.jpg,113.281662,23.127171
美团,美食,牛B潮汕牛肉火锅（东山口店）,越秀区农林下路东山锦轩现代城4楼（东山口地铁C出口）,https://img.meituan.net/600.600/msmerchant/268f776c993cf2a7de73255cf5d9280c572822.jpg,113.295643,23.12503
美团,美食,爱音乐咖啡,越秀区中山二路18号电信广场1楼102单元,http://p0.meituan.net/600.600/poi/3fa77c374bb7ca499b5cf67502fe701a38912.jpg,113.293736,23.124523
美团,美食,多乐之日（农林下路店）,越秀区农林下路4号6号东山锦轩现代城首层星巴克隔壁,http://p0.meituan.net/600.600/merchantpic/6b74d1508a3bbc3712eac9ca1bccaca313142.jpg,113.2958,23.12534
美团,美食,SOLO游戏主题餐厅,越秀区大东街东川路2号之一东川大厦首层（润悦棋牌旁）,http://p0.meituan.net/600.600/mogu/6bf03c3e0df390c0c92892963f7e5fcb454657.jpg,113.28653,23.120797
美团,美食,出众拌捞*麻辣烫（流行前线店）,越秀区中山三路25-27号地铁站内负一层流行前线商场A-011号,http://p0.meituan.net/600.600/mogu/1fd15a65e75ec2c2e938665733c3b7d131887.jpg,113.283775,23.126479
美团,美食,BAUZES百滋·甘草水果（流行前线店）,越秀区中山三路25号流行前线名店城B1,http://p1.meituan.net/600.600/mogu/3cd25bdff84996e9bcf39dc9a97f4eeb16051.jpg,113.284451,23.126594
美团,美食,包道广式点心专门店（东山口店）,越秀区龟岗大马路19号,https://img.meituan.net/600.600/msmerchant/1532400413808884661282026f51838c77062.jpg,113.294971,23.121641
美团,美食,木屋烧烤（地王广场店）,越秀区较场西路26号地王大厦1038号（非流行前线）,https://img.meituan.net/600.600/msmerchant/d5e2d887650725ecff24e76d322f833320657.png,113.284634,23.125785
美团,美食,玲珑私厨,越秀区菜园东路78号水玲珑会馆1楼,https://img.meituan.net/600.600/msmerchant/39a5fd8e3ba2228e788825e94dc55f331749962.png,113.291728,23.123209
美团,美食,熹雀冰室（东山店）,越秀区署前路3号之一7天连锁酒店大堂（东山百货大楼旁）,https://img.meituan.net/600.600/msmerchant/42cc5d56a7ac38c22f5e343b7093ec4c390888.jpg,113.29436,23.122405
美团,美食,甜蜜转身（东山口店）,越秀区执信南路78号（中山大学北校区幼儿园旁）,https://img.meituan.net/600.600/msmerchant/8c2491534a267862e11bd0d15fb6c71188342.jpg,113.293163,23.127478
美团,美食,环悦艺术空间（东山口店）,越秀区庙前西街金城宾馆对面（近地铁六号线东山口E出口）,http://p1.meituan.net/600.600/mogu/717c3a9762a19bba0abfc8aa2c73d627197364.jpg,113.293527,23.12195
美团,美食,有间料理（中华广场店）,越秀区中山三路11号,http://p1.meituan.net/600.600/mogu/5bffb91b4435dd81ccf9f5bf1c26976435619.jpg,113.285766,23.125857
美团,美食,金点酒家（中山三路店）,越秀区中山三路36号威力达大厦3楼（中华广场斜对面）,https://img.meituan.net/600.600/msmerchant/48590a82afc389abe4127c45c93c030c48303.jpg,113.28193,23.12718
美团,美食,太囧酸菜鱼（中华广场店）,越秀区中山三路33号中华广场六楼,https://img.meituan.net/600.600/msmerchant/3ef44db6eb8891fb93776efac419f908178723.jpg,113.282411,23.125794
美团,美食,半里Mocha甜厨,越秀区农林下路东山锦轩现代城2楼,https://img.meituan.net/600.600/msmerchant/03f1cc6bcafcecefdc468dcbf4bd8370267072.jpg,113.2959,23.125453
美团,美食,凤园椰珍椰子鸡主题餐厅（中山三路店）,越秀区中山三路东昌大街17号2层,https://img.meituan.net/600.600/msmerchant/ea31d56111d0b1cbc5b83e04ff9e78d01104623.jpg,113.281205,23.126805
美团,美食,岭南厨点,越秀区马棚岗22号中粤大厦2楼,https://img.meituan.net/600.600/msmerchant/0a8f1441c387394fde01363e7288b71f2324039.jpg,113.292645,23.124843
美团,美食,山顶沙河粉（中华广场店）,越秀区中山三路中华广场四楼A06铺（后街唐厨旁边）,http://p0.meituan.net/600.600/mogu/12fd40d116e51fd7a309ac45eb0862f522516.jpg,113.282714,23.125384
美团,美食,Hi tea茶室（龟岗店）,越秀区龟岗大马路1号1单元203铺,http://p1.meituan.net/600.600/mogu/2dc6d87da35009a71e4e4ba984b1906b52307.jpg,113.294343,23.119898
美团,美食,澄鹅（中华广场店）,越秀区中山三路33号中华广场6层,https://img.meituan.net/600.600/msmerchant/77f87bb17f27cd488270410c35311d42491562.jpg,113.282605,23.12539
美团,美食,陈记顺和潮汕牛肉（中华广场店）,越秀区中山三路33号中华广场六层自编6056C,http://p1.meituan.net/600.600/mogu/3c25fe76ca0d2815f429cc52acc19e7531162.jpg,113.282175,23.125586
美团,美食,焗外人（流行前线店）,越秀区中山三路流行前线商场A025-C号,http://p1.meituan.net/600.600/mogu/1c194ab551a3f73a7f328d7dbaf6f4b430712.jpg,113.283546,23.126675
美团,美食,山茶花つばき,越秀区农林下路4-6号东山锦轩现代城二楼（电车总站对面）,http://p0.meituan.net/600.600/mogu/41cbbd387627c2a3decbd8daa5f9e4a544190.jpg,113.29582,23.125368
美团,美食,一些柠檬一些茶（较场西店）,越秀区较场西路16号之二A1,http://p1.meituan.net/600.600/mogu/cf775db17eca97f4312dadc96ceb93e935084.jpg,113.283394,23.123717
美团,美食,摩能肉蟹煲（中华广场店）,越秀区中山三路中华广场7楼,https://img.meituan.net/600.600/msmerchant/bf821ed8fc91862c80b0de25af16168478364.png,113.282424,23.125548
美团,美食,怪兽星球（地王店）,越秀区较场东路地王广场店,https://img.meituan.net/600.600/msmerchant/a678514e051d5c28a78b8b3b993099cb6174136.jpg,113.283528,23.125731
美团,美食,A+沙拉,越秀区较场西路中山三路25-27号,http://p0.meituan.net/feop/d91337976e8f9540e31caaff3eeffd3c57619.png@600w_600h_1l,113.282962,23.125817
美团,美食,东川饭局（东山店）,越秀区农林下路横街6号农林市场后,https://img.meituan.net/600.600/msmerchant/14ddb738561ec64d9a1eb06492f48b6533694.jpg,113.294543,23.125167
美团,美食,吉兆火炙寿司（东山口店）,越秀区农林下路4-6号,https://img.meituan.net/600.600/msmerchant/7b8230f4b3503a33d903941292a4d79616350.jpg,113.295853,23.125727
美团,美食,老班长手工灌汤包（王府井百货农林下路店）,越秀区农林下路40号王府井百货7层,http://p0.meituan.net/600.600/mogu/530a6304507dfe03eaa9206b1aacb5b2238988.jpg,113.298327,23.129785
美团,美食,小确茶（东川路店）,越秀区东川路2号之二101,http://p1.meituan.net/600.600/mogu/f00f7c086d0404963c1007033e2fcb71139943.jpg,113.286241,23.12108
美团,美食,心滋田寿司,越秀区中山三路中华广场六层6047铺,https://img.meituan.net/600.600/msmerchant/c7229e65d801ebc24a7cbae918c3c4c3178055.jpg,113.282755,23.125741
美团,美食,蛙小侠（中华广场店）,越秀区中山三路33号中华广场4楼A3-A5,https://img.meituan.net/600.600/msmerchant/6f19f7b8f50928810798a3f22bbff2b7346471.png,113.282599,23.125918
美团,美食,面包家园·ins网红蛋糕,越秀区中山三路25-27（中华广场）,https://img.meituan.net/600.600/msmerchant/a6f3dc548ad54c3318bdfef04c992ac737209.jpg,113.28348,23.12574
美团,美食,思味古早蛋糕,越秀区中山三路流行前线A029铺,http://p0.meituan.net/feop/d91337976e8f9540e31caaff3eeffd3c57619.png@600w_600h_1l,113.283565,23.126367
美团,美食,隐茶舍,越秀区较场西路6号置地大厦12J（12楼）,https://p0.meituan.net/600.600/merchantpic/d0b56f1a3a16abd8c8ca7840fbcb196c2538017.jpg,113.283514,23.122117
美团,美食,牛紫米优格酸奶（东山口店）,越秀区农林下路东山口地铁C出口左侧（南湖国旅旁拐角）,http://p0.meituan.net/600.600/mogu/f8309ab70e5486ad7a826008e778b45866318.jpg,113.295885,23.124562
美团,美食,美美乐蛋糕（中山三路店）,越秀区中山三路33号,https://img.meituan.net/600.600/msmerchant/9dc0aebeb4cadbc76d489b0a4d9e468150181.jpg,113.282529,23.125615
美团,美食,意花西餐,越秀区越秀龟岗大马路13号A6b舖,http://p0.meituan.net/600.600/mogu/35c59622b381c876bdc8f136aac226ab84519.jpg,113.294572,23.121302
美团,美食,大佬峰巴士（中华广场店）,越秀区中山三路33号中华广场3层,http://p0.meituan.net/600.600/shopmainpic/392fc09d3c1d58eecce319e903affeea2692958.jpg,113.282741,23.126348
美团,美食,HappyMeet地表最强气泡水（地王广场店）,越秀区较场西路26号地王广场B1层,https://img.meituan.net/600.600/msmerchant/c4879b373905cd1b702d7b02f585b13633953.jpg,113.283516,23.125776
美团,美食,阿强酸菜鱼（中华广场店）,越秀区中山三路25-27号（流行前线B1层）,https://img.meituan.net/600.600/msmerchant/5c81094e5942ed0aeca555361e92947561020.jpg,113.285083,23.126648
美团,美食,Thank u mom非油炸健康鸡（地王广场店）,越秀区较场东路地王广场负一层1068-1070号（汤响对面）,https://img.meituan.net/600.600/msmerchant/d13365452201f71e33cbf955be7e703e64079.jpg,113.283853,23.12593
美团,美食,喃苑茶记,越秀区王府井百货七楼,http://p0.meituan.net/600.600/deal/2da5f5d25f9f13c499f8817aa0d91219332229.png,113.298426,23.129619
美团,美食,水木苼蔬食（东山口店）,越秀区农林下路东山锦轩现代城4楼405室（东山口地铁站C出口）,http://p1.meituan.net/600.600/shopmainpic/d7335157bf43aadf879b2abbafda2418111998.jpg,113.29573,23.12546
美团,美食,八旗饺子坊,越秀区较场西路置地大厦4楼,http://p0.meituan.net/600.600/mogu/d4dfc35bb3fa3ce64b167c6be5f58de061548.jpg,113.2834,23.12222
美团,美食,畅扬老鸭粉丝汤（中华广场店）,越秀区中山三路33号中华广场一楼,http://p1.meituan.net/600.600/deal/d2dd0d272666cf9ca443393f9055346453496.jpg,113.282261,23.125594
美团,美食,Milk+•芝心下午茶（较场东路店）,越秀区较场东路313号（富力盈泽苑停车场出入口对面）,http://p1.meituan.net/600.600/xianfu/e5865aa63b55ba380bb0e674e83eef639458.jpg,113.284757,23.124374
美团,美食,逗蛙（中华广场店）,越秀区中山三路33号中华广场六楼6059铺（群芳蒸宴隔壁）,http://p0.meituan.net/600.600/mogu/ca0c6e0e360f3f1c804399985d37deb224862.jpg,113.28235,23.12574
美团,美食,TAB面包一克（东山店）,越秀区农林下路37号101房自编07铺（商场入口旁）,https://img.meituan.net/600.600/msmerchant/0cabc66b88641091355ae354209cc6a4721619.png,113.297401,23.129263
美团,美食,Up2U茶餐厅（越秀贰店）,越秀区东风路490号102房,http://p0.meituan.net/600.600/mogu/9a19ec807d3ee7df25d02dd88cf8a04669013.jpg,113.278857,23.130867
美团,美食,老班长手工灌汤包（东川路店）,越秀区东川路92号东川酒家二楼,http://p1.meituan.net/600.600/mogu/1b4a9df482201fa5419095e035758fd3124870.jpg,113.286627,23.123228
美团,美食,捌玖点时尚餐厅,越秀区农林下路东山口锦轩现代城4楼（东山口地铁站C出口旁）,http://p0.meituan.net/600.600/shopmainpic/eb530d36f2c055b7919a5dcedec01709464592.jpg,113.295799,23.125385
美团,美食,张亮麻辣烫,越秀区东华西路213号,https://img.meituan.net/600.600/msmerchant/aea49b505389c3b12993b77b874086e9406861.jpg,113.282961,23.122022
美团,美食,遵义虾子张六羊肉粉,越秀区中山三路威力达大厦1楼,http://p1.meituan.net/600.600/deal/b201fdd66767283236da89e6edef52d064999.jpg,113.28193,23.12718
美团,美食,Kilig Coffee 空中咖啡,越秀区中山三路33号中华国际写字楼54楼B5406（近中华广场）,http://p1.meituan.net/600.600/mogu/f0ae32eb5f3753b19e83242185fed323232607.jpg,113.28259,23.12552
美团,美食,ALWAYS·20号后座餐吧,越秀区署前路庙前直街20号后座（华华照相馆对面巷子直入10米）,http://p0.meituan.net/600.600/mogu/a9c1f23a71623a8dcf00668a8e47e91b43995.jpg,113.295566,23.12167
美团,美食,同湘会（海印名店城直营第39分店）,越秀区中山三路11号海印自由闲名店城二楼F205号房（部位211）,https://img.meituan.net/600.600/msmerchant/8f86c46b65e44031e35883192b7c7264284254.jpg,113.285778,23.12624
美团,美食,川里川外（流行前线店）,越秀区中山三路流行前线D01A铺（宽窄巷子冒菜隔壁）,http://p0.meituan.net/600.600/mogu/e00fd79099c9a8f4b68a331720976a8b65853.jpg,113.283486,23.126701
美团,美食,麦稻汇·滋味粤菜,越秀区较场西路11号体宾商务港首层03铺,https://img.meituan.net/600.600/msmerchant/c82b9f50a1c6a3717dfd9dc5aa1fbdea2059699.jpg,113.28304,23.122693
美团,美食,锅小闹音乐火锅,越秀区中山三路中华广场七楼,https://img.meituan.net/600.600/msmerchant/bcf3ae12b9dba72c71a5a7514721f201131831.jpg,113.282502,23.126439
美团,美食,SALAD HEY,越秀区地王广场负三楼,http://p0.meituan.net/600.600/deal/49fc7c9caf42d6ad4780dde08a13bfdb78003.jpg,113.28348,23.12575
美团,美食,瑞思蛋糕（珠江新城店）,越秀区广州大道中怡景大厦旁,http://p1.meituan.net/600.600/bbia/56ae1aea8e58e17a021acbcf1179e47c200655.jpg@135_94_945_708a,113.314675,23.117621
美团,美食,尊宝比萨（达道店）,越秀区达道路13号首层1-05铺（近军区礼堂）,http://p1.meituan.net/600.600/mogu/7183b1aabcf2a412f16673773391b76f132429.jpg,113.30157,23.12194
美团,美食,本宫的茶（289艺术园店）,越秀区广州大道中289号289艺术园区印务楼一楼101铺,https://img.meituan.net/600.600/msmerchant/879d77b617848ed745fe5d803e798648176204.jpg,113.314691,23.123297
美团,美食,拾克茶居,越秀区江月路15号颐景轩正门一栋三楼（珠江宾馆南门东200米）,https://p1.meituan.net/600.600/merchantpic/7f878debb472b7fcd74bc33be239df9f3536450.jpg,113.311157,23.113668
美团,美食,FIT•爆柠檬茶砖家（杨箕店）,越秀区富力东山新天地D区107铺,https://img.meituan.net/600.600/msmerchant/9897dbfdc2ec21989dd34e5d483af06a29207.jpg,113.311574,23.126461
美团,美食,四川豆花（五羊店）,越秀区寺右新马路寺右北3街2巷1号自编105-106号,http://p1.meituan.net/600.600/mogu/3f19d19e869f75d3d7784cd8bf018008216207.jpg,113.314313,23.12075
美团,美食,食方缘・素食| 别墅主题餐厅,越秀区寺右南二街五巷6号别墅院（5号地铁五羊邨A出口广兴华花园停车场后门出口右手边）,https://img.meituan.net/600.600/msmerchant/9f1bf1d7c24296443425430a83e4d123227803.jpg,113.312415,23.117239
美团,美食,秦粉汉面（五羊新城店）,越秀区五羊邨寺右新马路131号,http://p1.meituan.net/600.600/mogu/eb27391e90f52eb8dc5e0ad4c99f05c2239419.jpg,113.313692,23.120087
美团,美食,CoCo都可（五羊店）,越秀区寺右二马路与寺右新马路交界佰盈商业城首层自编A29铺,https://img.meituan.net/600.600/msmerchant/c74b1f3ff6ae8cef0a0040f53713e86121908.jpg,113.30972,23.12005
美团,美食,甘思咪哚·云南菜（289店）,越秀区广州大道289号（外商大酒店隔壁）,http://p0.meituan.net/600.600/ugcpic/ac8a8882f6baa8d2ec09ac5c99626f51,113.314557,23.123674
美团,美食,淼鑫猪肚鸡（五羊新城店）,越秀区寺右新二马路37号,http://p1.meituan.net/600.600/mogu/605ea10e6b12a9c1cc26edc23909fcd51313876.png,113.309938,23.11892
美团,美食,小肥羊（五羊店）,越秀区五羊新城寺右新马路131号深华大厦1楼（近地铁五羊邨站）,https://img.meituan.net/600.600/msmerchant/478cf50a1e1cb505677849237ec2736f689508.jpg,113.31374,23.12021
美团,美食,初见cake,越秀区右二马路35号南边第四档,http://p1.meituan.net/600.600/bbia/9e9d8322fb54999971c544947745160f287603.jpg@2_2_698_523a,113.309864,23.118063
美团,美食,百果园（五羊邨店）,越秀区寺右新马路41号佰盈商业城1楼a26号,http://p0.meituan.net/600.600/scarlett/345159dc9b7be0b35ea229d9b4eeb636176902.png,113.309917,23.120457
美团,美食,汉正街一号楚味私厨（五羊新城店）,越秀区寺右新马路长城宾馆二楼,http://p1.meituan.net/600.600/apiback/b6d9a4d8fba2f4134b53fdddc44263e1218737.jpg,113.30448,23.11962
美团,美食,LA FLORE花间·蛋糕订制,越秀区东山口保安南街3号,https://img.meituan.net/600.600/msmerchant/3ae23f3d675b01fde471be77b8a9daec463736.jpg,113.30062,23.119962
美团,美食,鼎记甜品（五羊新城店）,越秀区寺右新马路87-99号120铺,http://p1.meituan.net/600.600/mogu/b155963ffa951cd7e488a7842716138a44061.jpg,113.311659,23.120764
美团,美食,武林厨神粤式茶楼（五羊店）,越秀区寺右新马路41号佰盈商业城2楼（近地铁五羊邨站D出口）,http://p0.meituan.net/600.600/mogu/4780328ac842282f1bb10898d66fe1f7253689.jpg,113.309718,23.119879
美团,美食,分子串串·塔吉塔吉主题餐厅（289艺术园区店）,越秀区广州大道中289艺术园区印报楼一层106A（外商大酒店对面）,https://img.meituan.net/600.600/msmerchant/47250a215bb4286c2a3e2c7c51f6a627104149.jpg,113.313867,23.123905
美团,美食,永盈茶餐厅（五羊新城店）,越秀区寺右新马路101号（近金桥宾馆）,http://p0.meituan.net/600.600/mogu/5f4a9331f03b56df8f4ca354df2a4c8380428.jpg,113.31235,23.12004
美团,美食,大鹏寿司（五羊新城店）,越秀区寺右二马路7号101之二（近五羊中学）,http://p1.meituan.net/600.600/mogu/1e1fd20cd217667791048b70984292d127698.jpg,113.30987,23.117484
美团,美食,诸锣记烤串（五羊新城店）,越秀区寺右新马路87-99单号首层110铺（五羊邨站D出口）（美豪酒店旁）,https://img.meituan.net/600.600/msmerchant/6a2158265814f95b0552a8c5fb750dcb32050.jpg,113.311676,23.120667
美团,美食,Taning挞柠（五羊新城店）,越秀区寺右新马路北三街1巷15号之二首层7号铺,http://p1.meituan.net/600.600/mogu/41042d21372bb52a6a4e812288c7ec8c45672.jpg,113.314322,23.120723
美团,美食,利口福（五羊邨站店）,越秀区地铁5号线五羊邨地铁站内WYC-5-5S铺,http://p0.meituan.net/600.600/poi/aa929f5c7184be226d5e2fb4f585942967584.jpg,113.313158,23.119371
美团,美食,榕意（289艺术Park店）,越秀区广州大道中289号289艺术园区印报楼一楼112A（东兴北路外商大酒店对面）,https://img.meituan.net/600.600/msmerchant/7fab116744aeed43d20774f4df34aeff979116.jpg,113.31445,23.124074
美团,美食,风甜日暖.星座主题甜点,越秀区明月二路与春风路交叉口向西80米路北,https://img.meituan.net/600.600/msmerchant/4935adc014838cebad9294cf068a46e6382122.jpg,113.312827,23.115988
美团,美食,梧桐阁·融合创意菜,越秀区杨箕大街21号B区B3-B4二楼,https://img.meituan.net/600.600/msmerchant/57afde1373a55b96906ee1534f3dda06896959.jpg,113.312015,23.126865
美团,美食,锦里·味道川菜（五羊店）,越秀区寺右新马路73号,https://img.meituan.net/600.600/msmerchant/2193c884ec5d955dbc254fe11cd0c0ab139754.jpg,113.310212,23.119919
美团,美食,食香坊,越秀区达道路13号,http://p0.meituan.net/feop/d91337976e8f9540e31caaff3eeffd3c57619.png@600w_600h_1l,113.301731,23.121636
美团,美食,表哥茶餐厅（五羊新城店）,越秀区五羊新城寺右马路佰盈商业城二楼V3铺,http://p1.meituan.net/600.600/merchantpic/d45460eb90cfd2bce7573456fc9b712241295.png,113.309877,23.119887
美团,美食,翅爷家煲仔翅,越秀区广州大道中289号289艺术园区印报楼105A（原外商酒店旁）,https://img.meituan.net/600.600/msmerchant/ceb62994fc75394de802c8708324699559896.jpg,113.31466,23.122238
美团,美食,吉咪佈丁·DIY蛋糕烘培厨房,越秀区保宁路九号101（帅府酒店旁，寺右新马路与达道路交叉口）,https://img.meituan.net/600.600/msmerchant/71e84989bc292bc947496f102cb1682545837.jpg,113.301989,23.119747
美团,美食,赤木寿司（五羊新城店）,越秀区寺右新马路北三街一巷19号（近地铁五羊邨站C出口）,https://img.meituan.net/600.600/msmerchant/23ac611273b0d53613a5fcb2aae1277c1015650.jpg,113.314501,23.120583
美团,美食,紫燕百味鸡（共和店）,越秀区共和西横街自编1、2栋首层和西农贸市场A5、A6档,http://p0.meituan.net/600.600/merchantpic/1cd548d6b51f7200fa1f163bd1478001104773.jpg,113.3044,23.12524
美团,美食,泰面王,越秀区东兴南路地铁五羊邨c出口北行100米转左翠华阁对面,https://img.meituan.net/600.600/msmerchant/c73df853f368dcdcb5859e20fce7251658549.jpg,113.312913,23.12185
美团,美食,老郭田鸡（五羊邨店）,越秀区寺右新马路93号,http://p0.meituan.net/600.600/mogu/0b62a92c51711af299e484ccb1d8eb4966684.jpg,113.311605,23.120522
美团,美食,见心欢蛋糕店,越秀区寺右南三街三巷20号,http://p0.meituan.net/600.600/deal/350e7f9a1b4459cfcb09ab1c0dd0ac6c36732.jpg,113.314819,23.117286
美团,美食,太极小龙,越秀区新天地街1楼104,https://img.meituan.net/600.600/msmerchant/c87ed3033b0682aee10e4ba4fc41029c97114.jpg,113.31456,23.126891
美团,美食,牛品味,越秀区东兴南路39号1楼,http://p0.meituan.net/600.600/deal/c3e35646a47c7d876ac91ba2f9f2cca2379253.jpg,113.311934,23.122023
美团,美食,新作の茶Sun Tea（杨箕店）,越秀区杨箕大街45号首层105房,https://img.meituan.net/600.600/msmerchant/43451a9048660d97bd886fd32a42074575109.jpg,113.313532,23.126716
美团,美食,爱呢蛋糕（五羊邨店）,越秀区寺右南二街54号,http://p1.meituan.net/600.600/deal/26ed95585c3a3502e8c6fb76a1412c2c34575.jpg,113.313826,23.118657
美团,美食,丘大叔柠檬茶（五羊新城店）,越秀区寺右新马路81号,https://img.meituan.net/600.600/msmerchant/4fa007ee2b39c6a56053b936c7d9de8177213.jpg,113.311671,23.120052
美团,美食,百万茶檔（杨箕店）,越秀区东山新天地一楼D区101铺（喜运服务公寓旁）,https://img.meituan.net/600.600/msmerchant/3cc2168d70157ddf391b6f70e726555227040.jpg,113.314565,23.126901
美团,美食,鹿角巷The Alley（五羊邨店),越秀区广州大道中289号创意园印报楼221A,https://img.meituan.net/600.600/msmerchant/dff258cf6fc97378c8d06c9a1aec0d4b882481.png,113.314048,23.123261
美团,美食,Bon Cake生日蛋糕（五羊店）,越秀区寺右新马路南二街七巷8号,https://img.meituan.net/600.600/msmerchant/011c9d52906092dbc8e47707dcc0915d24931.jpg,113.312206,23.118509
美团,美食,锦祺花芬鲜花（珠江新城店）,越秀区明月一路11号,http://p1.meituan.net/600.600/dpdeal/409002f2650610fe9f19f2f040307cb278133.jpg
美团,美食,大麦轻食,越秀区东兴北路72号一楼102房之二,http://p0.meituan.net/600.600/mogu/c7367142244074c3ba287f521304adce134991.jpg,113.313069,23.123929
美团,美食,猫头鹰●民国洋楼咖啡馆（保安南街店）,越秀区保安南街3号（前街咖啡馆附近）,https://img.meituan.net/600.600/msmerchant/1c354f8728a4be8bf61e4c79e876632e757600.jpg,113.30057,23.120014
美团,美食,罗家猪脚饭,越秀区东兴南路与东泰路交叉路口五羊邨东兴南路7号三档（五羊邨工业大厦正门正对面）,http://p0.meituan.net/600.600/deal/0586b2931624b13a334a351a45f982c4330986.jpg,113.310663,23.121947
美团,美食,东北饺子饸饹面馆,"越秀区寺右南一街一巷工商银行斜对面,味然香隔壁",http://p0.meituan.net/600.600/poi/9454f31d9fcd4a034332612fccfbb203118784.jpg,113.31171,23.11809
美团,美食,阿娟快餐馆,越秀区寺右中街1楼2号（五羊新城华润万家超市后面）,http://p0.meituan.net/600.600/deal/19ce054a0129358a18f0696b627c4d3c314642.jpg,113.313693,23.120399
美团,美食,味味香肠粉王,越秀区五羊新城明月二巷,http://p1.meituan.net/600.600/deal/__47915557__5751917.jpg,113.3113,23.11613
美团,美食,乐方悦野音乐西餐BAR,越秀区广州大道中289号289艺术园区一楼108A（五羊邨地铁c口）,https://img.meituan.net/600.600/msmerchant/1df5f8fffa3b5cc25ce798ccc7036894192044.jpg,113.314397,23.12397
美团,美食,厨当家西北味道,越秀区寺右新马路87号首层,https://img.meituan.net/600.600/msmerchant/d2c0ea00fe1b895ed00f5ec0a9c5c17a71281.jpg,113.311712,23.120119
美团,美食,大蒜茶档,越秀区广州大道中富力东山新天地F栋105,https://img.meituan.net/600.600/msmerchant/660d6f909a272eb611deec0d38e7da8d42127.jpg,113.314433,23.126924
美团,美食,海峰重庆麻辣烫,越秀区寺右新马路寺右村长庚9号地下,http://p1.meituan.net/600.600/mogu/f848fc872baded6d00d929b033298ced139987.jpg,113.304548,23.121278
美团,美食,皇上皇（东园店）,越秀区共和西路61号东园市场首层,http://p1.meituan.net/600.600/mogu/e944584f6e2d4dc92d31c0eb237672d5104548.jpg,113.304551,23.125498
美团,美食,爱茶一悦,越秀区寺右新马路佰盈商场三楼,http://p0.meituan.net/600.600/mogu/e02b54ef844c8e27569105da09bffd7c192670.jpg,113.309756,23.120094
美团,美食,映江红井冈山菜,越秀区寺右二马路51-53号,http://p0.meituan.net/600.600/mogu/36a1236f55a3cb281e9c2c11a11ea3ad35785.jpg,113.309736,23.120976
美团,美食,二牛米粉馆,越秀区明月二路23号（东湖社区旁）,http://p1.meituan.net/600.600/deal/989431fb8b764613f756c962f7facb47372855.jpg,113.311296,23.11604
美团,美食,长明爱炖品皇（东泰路店）,越秀区东泰路文化里11号金山阁大厦（御龙宾馆隔壁）,http://p0.meituan.net/600.600/deal/2242e17ba5e105bde041967d96acc704402291.jpg,113.309369,23.123135
美团,美食,幸子料理（五羊新城店）,越秀区寺右新马路162号至3号（绿茵阁旁）,http://p0.meituan.net/600.600/mogu/4a69e20ae2e75d53beba5ea052fc353e156932.jpg,113.312161,23.119478
美团,美食,长乐饼屋（寺右店）,越秀区寺右新马路114号之2-3号,http://p0.meituan.net/600.600/mogu/79ff29c453d38b070fa65d9b4fa64571174365.jpg,113.30953,23.119502
美团,美食,S Bistro西餐小酒馆,越秀区明月一路2号祈福华厦1楼（凯旋华美达酒店对面）,http://p1.meituan.net/600.600/shopmainpic/8d7729207aa824580b992e1f67ef99433723264.jpg,113.313535,23.114696
美团,美食,捷胜渔港,越秀区五羊新城寺右南二街一巷41-45号,http://p1.meituan.net/600.600/poi/253fe976c8643fa559d4cb4cdf18e5a983968.jpg,113.313429,23.1174
美团,美食,味蕾蛋糕,越秀区寺右南路二街珠江宾馆旁,http://p1.meituan.net/600.600/mogu/d3646499325c4d0658e8aeee95f3955157900.jpg,113.307997,23.116804
美团,美食,怡宝桶装水（五羊店）,越秀区寺右南三街二巷6号,http://p0.meituan.net/600.600/dpdeal/3587f5a42105f47f917fc632002e6202146363.jpg,113.314238,23.117706
美团,美食,花甜汇（五羊店）,越秀区寺右新马路107号（近地铁五号线五羊邨站D出口）,http://p0.meituan.net/600.600/mogu/60c9a2b1c6776cbbaeddc38624dbe57426750.jpg,113.312708,23.120089
美团,美食,四云奶盖贡茶（杨箕富力店）,越秀区广州广州大道中307号111-2号,http://p1.meituan.net/600.600/mogu/011efb006990ebfcd89aea28841122a542023.jpg,113.314618,23.126701
美团,美食,卤友记卤味专门店,越秀区东泰路新天地街D栋1楼105（阿里健康药房后面）,https://img.meituan.net/600.600/msmerchant/117174b2d7733006bc6a5572c84a710b272641.jpg,113.312079,23.126166
美团,美食,旭璟酒家,越秀区广州大道中131号（信龙大厦首层，五羊邨地铁站B出口直行30米）,http://p0.meituan.net/600.600/deal/__37162492__8109468.jpg,113.314679,23.118528
美团,美食,朝思午想,越秀区东兴中街28号,http://p0.meituan.net/600.600/deal/a01c2b765d304283a71e03a8daca324568346.jpg,113.31336,23.123222
美团,美食,德州汉堡（共和路店）,越秀区共和大街32号之二105室,http://p0.meituan.net/600.600/mogu/9a5dfe7638d2c5c470a17ae687a9f190296462.png,113.305965,23.124236
美团,美食,金成潮州酒楼（五羊店）,越秀区五羊新城寺右新马路南二街18号广兴华大厦1楼（近地铁五羊邨站）,https://img.meituan.net/600.600/msmerchant/303172146868127fd3140ec526ff0454289522.jpg,113.312998,23.117764
美团,美食,老鸭粉丝馆（寺右新马路店）,越秀区东湖街道星辰天街寺右新马路168号首层02铺（五羊新城总站旁）,http://p0.meituan.net/600.600/deal/__41254701__1744105.jpg,113.313125,23.119405
美团,美食,华润怡宝,越秀区明月二路95号附近,http://p0.meituan.net/600.600/dpdeal/a71e7a5a621e0416aa09102062cc38d9116707.jpg,113.311055,23.115623
美团,美食,大食馆湘村土菜,越秀区寺右新马路101号首层自编B3房、08之一,http://p1.meituan.net/600.600/deal/d25e42edff1347ca884dc903e7f2199a330004.jpg,113.31235,23.120142
美团,美食,雪贝尔（五羊店）,越秀区五羊新城商业中心04单元（寺右新马路与寺右新马路南二街教会处南行100米麦当劳对面）,http://p0.meituan.net/600.600/deal/201301/30/173308_1181814.jpg,113.31166,23.11874
美团,美食,BAUZES百滋·甘草水果（五羊店）,越秀区五羊新城寺右新马路168号05铺之02号（五羊邨地铁A出口五羊公交总站旁）,http://p1.meituan.net/600.600/mogu/3cd25bdff84996e9bcf39dc9a97f4eeb16051.jpg,113.313191,23.119965
美团,美食,陈记三及第（五羊店）,越秀区寺右北三街二巷自编103铺（五羊邨地铁C出口）,https://img.meituan.net/600.600/msmerchant/8b79a65239ce548a2819d0c03431ea0d47175.jpg,113.314552,23.120853
美团,美食,一日三餐（东兴分店）,越秀区广州大道东兴南路67号首层,http://p1.meituan.net/600.600/mogu/fdf86cc94fa9d995d2f959ddbc12c7d331828.jpg,113.312335,23.122007
美团,美食,金濠海鲜酒家,越秀区寺右新马路2-18号（长城宾馆首层）,http://p0.meituan.net/600.600/apiback/aafec02b3ba7b858d8c8a8ddb508230374877.jpg,113.30447,23.11905
美团,美食,OLD记茶餐厅（杨箕店）,越秀区杨箕大街43号二层20,http://p1.meituan.net/600.600/mogu/5e8b3c54de2c798471a0f1cd7f946aea45743.jpg,113.313587,23.126362
美团,美食,盱眙程氏龙虾,越秀区寺右新马路美食前线3楼9号铺（地铁5号线D出口）,http://p1.meituan.net/600.600/shopmainpic/2926fcfc6b169c302e6f385ed4c0b3dd34876.jpg,113.312328,23.120146
美团,美食,追茶,越秀区寺右二马路23号25号（冠城大厦首层21铺自编A01号）,http://p1.meituan.net/600.600/deal/dad1ebb93c10816bf1c144733281bcbb54090.jpg,113.309773,23.11852
美团,美食,可妮椰子冻（五羊新城店）,越秀区寺右新马路131号103自编2号之二（五羊地铁站D出口）,http://p1.meituan.net/600.600/apiback/2a940803860d040d67097f3d457e0c77148160.jpg,113.31367,23.12045
美团,美食,生煎先生（五羊新城店）,越秀区五羊新城寺右新马路85号美景大厦1楼(五羊新城公车站、五羊邨地铁站),http://p0.meituan.net/600.600/apiback/8b4f663222ff2f430dfb0b8bc7ea154037936.jpg,113.311314,23.12006
美团,美食,食为先酒家（五羊店）,越秀区五羊新城寺右新马路73号三楼（寺右二马路）,http://p1.meituan.net/600.600/shopmainpic/9fcc6d05e51c7bead10d7e2a8b0eff0d50035.jpg,113.310271,23.120058
美团,美食,汕头福合埕牛肉火锅（五羊新城店）,越秀区广州大道中明月二路21-23号（中国邮政储蓄银行广州分行斜对面）,http://p1.meituan.net/600.600/deal/ebe20ac789915a09b0db2c31e31df82a328993.jpg,113.31137,23.116044
美团,美食,肯德基（五羊店）,越秀区寺右新马路五羊村商住中心首层,https://img.meituan.net/600.600/msmerchant/db00fab658c3661fc92ec793627684cd64503.jpg,113.31166,23.11939
美团,美食,得佐一品轩,越秀区寺右南一街一巷9号（靠近地铁站A出口、五羊新城公交总站、麦当劳旁）,http://p0.meituan.net/600.600/mogu/473c6279164fd154f9f4567a5d07665e393925.jpg,113.311407,23.118579
美团,美食,迪仔鹅·潮汕牛肉火锅（五羊邨店）,越秀区寺右新马路87号-99号（单号）一层至六层首层103铺,http://p0.meituan.net/600.600/mogu/a369089c0fa6d7a708d007fea929826a238795.jpg,113.31181,23.12008
美团,美食,Hi-Tea茶室（289创意园店）,越秀区广州大道中创意园105号,http://p1.meituan.net/600.600/mogu/c9f5b473105e8d00fd9a6c2161cafe0438513.jpg,113.314301,23.122907
美团,美食,La Medina（289艺术园店）,越秀区广州大道中289号生活综合楼一楼103房（289创意园东门直入200米，微型消防站隔壁，蓝色雨棚。）,https://img.meituan.net/600.600/msmerchant/6c1153de0d9b8c6663e2a45c02d4a41a115942.jpg,113.314648,23.123671
美团,美食,初心寿司日式料理,越秀区寺右新马路一横路,https://img.meituan.net/600.600/msmerchant/7f01b7918b11f5360a525cea1aa5738686002.jpg,113.313575,23.118423
美团,美食,囍记茶档,越秀区寺右南一街五巷7号地下平台层之三,http://p1.meituan.net/600.600/mogu/9d3e989818c743b0ab6cc638ad41a416106901.jpg,113.311775,23.116968
美团,美食,麦子戏法（寺右北二街店）,越秀区寺右北二街五羊小学南门对面,https://img.meituan.net/600.600/msmerchant/41a0c234dcda1fb5a94da4ce6911970d1247948.jpg,113.31195,23.120754
美团,美食,巴芙臻茶（五羊店）,越秀区广州大道中131号5楼,http://p1.meituan.net/600.600/mogu/f4aba67908b3464fea0c6b51157f6f0631715.jpg,113.314701,23.118527
美团,美食,熹雀冰室（共和大街店）,越秀区共和大街3号自编5,http://p1.meituan.net/600.600/deal/15fec0e7b4368d8e99d50900760551a728600.jpg,113.306728,23.124687
美团,美食,66Coffee咖啡厅,越秀区东泰路66号（71隔壁）,https://img.meituan.net/600.600/msmerchant/699ce7ee0d386bf12c337fdf857b43eb51190.jpg,113.31019,23.1252
美团,美食,秦筷脆皮肉夹馍（五羊新城店）,越秀区寺右一马路广兴华花园底商,http://p1.meituan.net/600.600/mogu/400ba6d9a0d772cf53343ef0dc380be6109530.png,113.31167,23.118061
美团,美食,阿莱泰茶（五羊邨店）,越秀区寺右南路三街三巷18号地3近佳吉美面包店,http://p0.meituan.net/600.600/deal/bbe2d7e82cd58093eac7f9829708c89938418.jpg,113.314809,23.117029
美团,美食,燕意浓现炖燕窝,越秀区广州大道中富力东山新天地F栋2楼210号,https://img.meituan.net/600.600/msmerchant/67b152ec8d18cb85c8f56b33c012a35d301488.jpg,113.312556,23.126312
美团,美食,All Day Bottle Shop精酿啤酒屋,越秀区寺右南一街五巷2号103房（容华阁斜对面）,http://p1.meituan.net/600.600/dpdeal/11e1d73054b95694bd76cedb0725b1562116908.png,113.311477,23.117275
美团,美食,椒碗·香锅冒菜小龙虾（五羊邨店）,越秀区广州大道中193号首层,http://p0.meituan.net/600.600/mogu/8aafdc20fdc15a616050de1e44dad94c39648.jpg,113.313967,23.119512
美团,美食,鲜煲菜馆,越秀区寺右新马路97号五羊小学对面,https://img.meituan.net/600.600/msmerchant/3a2c466a436a4f2ae3d504bf9a5da7c9243419.jpg,113.311742,23.1207
美团,美食,杨铭宇黄焖鸡米饭（南方日报店）,越秀区五羊新城东兴南路21号之3（南方报社农业银行对面）,http://p0.meituan.net/600.600/merchantpic/d187ab68194002fa84e62a1ce2123f2e55382.jpg,113.314583,23.121911
美团,美食,包道广式点心专门店（共和路店）,越秀区共和路23号,http://p0.meituan.net/600.600/mogu/17839c28d7cb3daea093ce9888388d2e74653.jpg,113.30722,23.125479
美团,美食,喜厨羊腩羊杂煲（五羊店）,越秀区明月二路27号（五羊新城底商）,http://p0.meituan.net/600.600/mogu/e788cb21e4e5b7ae1b7b51efdaa9e0b771090.jpg,113.311662,23.116012
美团,美食,堕落小龙虾,越秀区达道路西元岗5号（达道路与西元岗交叉口东50米）,http://p1.meituan.net/600.600/mogu/f9b15b217e66a2780e6f02d315a018d361615.jpg,113.302904,23.123253
美团,美食,大有鹅（五羊店）,越秀区寺右南二街六巷11号首层之一,http://p1.meituan.net/600.600/mogu/83c293b599779cd629bf1d0e39ce167094399.png,113.312357,23.117112
美团,美食,愿茶（杨箕店）,越秀区广州大道中富力东山新天地F3栋1层128,http://p1.meituan.net/600.600/mogu/17eaea216655068964009eca869fbab296674.jpg,113.313234,23.126295
美团,美食,稻荷料理亭（杨箕店）,越秀区广州大道中富力东山新天地杨箕牌坊直入100米右侧（全家便利店楼上）,https://img.meituan.net/600.600/msmerchant/eab050ab06ee19258246c992a55c7906378764.jpg,113.313666,23.126668
美团,美食,椰客·海南椰子鸡（289艺术PARK店）,越秀区东兴北路289艺术园区一楼103A（广东外商大酒店旁）,https://img.meituan.net/600.600/msmerchant/4fc7ce2b18ac80677da3c0824b918a20700606.jpg,113.313762,23.12393
美团,美食,吃个汤（五羊邨店）,越秀区寺右新马路南一街五巷5号地下平台层之四铺,http://p1.meituan.net/600.600/mogu/e2066442f1ab20912686cf461b62ecd5460084.jpg,113.31159,23.117037
美团,美食,love life鲜果捞（五羊新城店）,越秀区寺右新马路131号首层103房,http://p0.meituan.net/600.600/waimaipoi/4ad2af11e633172aa44caaab1c00c8e840960.jpg,113.31381,23.120408
美团,美食,叹啡Relax cafe,越秀区广州大道中341号,http://p1.meituan.net/600.600/mogu/419a04ab721b909333f9db818ec83d40264967.jpg,113.314336,23.127335
美团,美食,香港沾叔（五羊新城店）,越秀区寺右新马路8799号金桥大厦美豪广场首层121铺,http://p0.meituan.net/600.600/mogu/d69ca84bae14df1a9a6d0714315258cf32441.jpg,113.312033,23.119966
美团,美食,周百福长沙手工粉,越秀区寺右二马路41号（五羊中学正对面）,https://img.meituan.net/600.600/msmerchant/15f6cdfd11a9c5f694ab831d1fd8e2b014656.jpg,113.310113,23.120321
美团,美食,遇见小面（289艺术园店）,越秀区广州大道中289号印楼115A,https://img.meituan.net/600.600/msmerchant/e43b987996072c5d4a76ca83d267fa39131977.jpg,113.314681,23.124125
美团,美食,8 Restaurant & Bar 西餐厅,越秀区越秀区寺右南二街五巷南二街六巷11号,https://img.meituan.net/600.600/msmerchant/f47764efb4f5f1d75352a9d7e8e3fb9230824.jpg,113.312621,23.117067
美团,美食,六通面馆,越秀区广州大道中,http://p1.meituan.net/600.600/deal/7f72d911e0e149353cc8f8747003b12a34730.jpg,113.313131,23.126695
美团,美食,煮持面,越秀区五羊新城寺右新马路,http://p1.meituan.net/600.600/deal/205df4d6edd23abc654f893ef8da239191238.jpg,113.312714,23.120047
美团,美食,炙友餐吧.蟹逅（五羊邨店）,越秀区广州大道中193-195号（五羊邨地铁站A出口直行10米）（五羊邨地铁A出口10米）,https://img.meituan.net/600.600/msmerchant/177c17e8b015deb280c0d34d267310bf193746.jpg,113.314139,23.119531
美团,美食,Hea魔,越秀区寺右南二街1号A10-1（愈生中医医院隔壁）,https://img.meituan.net/600.600/msmerchant/f985d7aa80dc67254106232261a65cba193392.jpg,113.312352,23.118691
美团,美食,饭与范,越秀区广州大道中227号地下06房,http://p0.meituan.net/600.600/mogu/29790e8f4b25df69369166f0ba44a34553068.jpg,113.314522,23.120055
美团,美食,王品虾子羊肉粉（五羊新城店）,越秀区东兴南路7-3号,http://p1.meituan.net/600.600/mogu/268e774e8fd825f8dbab5f4081e7a89f78009.jpg,113.311016,23.121904
美团,美食,Tipsy精酿餐厅（289店）,越秀区广州大道中289号289创意空间113a铺（南方报业大楼旁）,https://img.meituan.net/600.600/msmerchant/1c78a800a8e229100821e26c2eade4c91060523.jpg,113.314327,23.124056
美团,美食,BEAN2CUP豆盏咖啡,越秀区广州大道中289艺术中心（广州大观园红木家具有限公司旁）,https://img.meituan.net/600.600/msmerchant/3db0a08473e0fb086f31c0d11862b1735160510.jpg,113.314848,23.123916
美团,美食,知道分子书房菜（289创意园店）,越秀区广州大道中东兴北路54号289艺术园区印报楼一楼101A（广东外商大酒店旁）,http://p0.meituan.net/600.600/ugcpic/725e4678ef3569b9b7ce2bd13c355b7a,113.31371,23.12402
美团,美食,JUNKIES有瘾咖啡,越秀区寺右一马路18号泰恒大厦502晋客空间（经过工商银行右转，大堂登记或跟随过闸进入）,https://img.meituan.net/600.600/msmerchant/d4c68a4f7ec05509565544bd7603c7af25340.jpg,113.308278,23.119995
美团,美食,幸福甜品店,越秀区五羊新城寺右南一街三巷7号地6房A铺,https://img.meituan.net/600.600/msmerchant/392d6c8126bccee251e8526c36fdc5fd405179.jpg,113.31017,23.11738
美团,美食,格兰西点（289艺术园店）,越秀区广州大道中289号289艺术园区北门117A铺,http://p0.meituan.net/600.600/msmerchant/9aec5860f78f7aa7d5e5b9e24c1f19881143249.jpg,113.313748,23.124035
美团,美食,赤宴老坛酸菜鱼,越秀区越秀北路319号喜聚广场一楼,https://img.meituan.net/600.600/msmerchant/1a6a6041e86c674ee6e2b7c1e18c10d0383686.jpg,113.272872,23.135452
美团,美食,奈思の茶（解放北路店）,越秀区解放北路865号,http://p1.meituan.net/600.600/mogu/7be0117eb2fb960ff336eff40890b10656005.jpg,113.261594,23.137148
美团,美食,饮野,越秀区应元路仁寿街9号102,http://p1.meituan.net/600.600/mogu/c4ba4446fb318c06808ef543b8d3f07e53735.jpg,113.270562,23.135063
美团,美食,风之居·缘氛来料理,越秀区小北路接龙一巷34号（接龙社区底商）,https://img.meituan.net/600.600/msmerchant/c647f54eb176c4566f446326bdebede9217211.jpg,113.270631,23.13544
美团,美食,维度Top taste体验餐厅,越秀区环市中路268号维度酒店2楼,https://img.meituan.net/600.600/msmerchant/e7bb9935e96d42343d380104e9f1813936945.jpg,113.270317,23.141374
美团,美食,羊城酒家 · 地道粤菜,越秀区小北路198号原越秀宾馆2-3楼（近越秀公园东门）,https://img.meituan.net/600.600/msmerchant/f28c30c1fa811e2676734ec4b2f93831723946.jpg,113.272176,23.135563
美团,美食,蓝の啡·精品咖啡屋,越秀区解放北路899号锦州国际商务中心8楼A06房（地铁二号线越秀公园站E出口）,http://p0.meituan.net/600.600/mogu/aed5a605efcd6a860976356f2ac1637f112109.jpg,113.261299,23.139345
美团,美食,法德堡比萨,越秀区盘福路79号105-106（大堂旁）,http://p0.meituan.net/600.600/mogu/f875cca0e2a10147269cb3c74b86845f20731.jpg,113.26069,23.13596
美团,美食,尊宝比萨（越秀公园店）,越秀区解放北路972号首层101铺,http://p1.meituan.net/600.600/mogu/7183b1aabcf2a412f16673773391b76f132429.jpg,113.2619,23.137651
美团,美食,百果园（应元路店）,越秀区应元路接龙一巷22铺,http://p0.meituan.net/600.600/scarlett/345159dc9b7be0b35ea229d9b4eeb636176902.png,113.271139,23.135194
美团,美食,Taning挞柠·匠心柠檬茶（小北路店）,越秀区小北路185号102铺,https://img.meituan.net/600.600/msmerchant/35404c49accb2bf9c79cf7652384de71143468.png,113.271567,23.135451
美团,美食,中国大酒店丽廊餐厅,越秀区流花路122号中国大酒店2楼（近越秀公园）,http://p0.meituan.net/600.600/mogu/15033988f0ee40e80c0c193c927dc56832642.jpg,113.259862,23.139836
美团,美食,绿岛西餐Park Cafe（兰圃公园店）,越秀区解放北路901号（兰圃公园旁，越秀公园正门对面）,http://p1.meituan.net/600.600/mogu/65173200db48798178dbcd2f9d0bb01f313657.jpg,113.260595,23.142235
美团,美食,量心素市,越秀区越秀北路319号盛门广场111-112号,http://p0.meituan.net/600.600/deal/2b2379486f0ca91b750b905d30fcacea63489.jpg,113.272883,23.135295
美团,美食,真功夫（城市广场店）,越秀区东风中路439号越秀城市广场2楼（近正骨医院）,http://p1.meituan.net/600.600/merchantpic/bf5593b053a067cec87a0db60ce9a8c3141698.jpg,113.272037,23.131297
美团,美食,包道广式点心专门店（法政路店）,越秀区法政路60号102房自编1号铺,http://p1.meituan.net/600.600/mogu/c325627c626e1e32f41e06f55a8f5ba962322.jpg,113.272189,23.132352
美团,美食,小北酒家,越秀区小北路123号（小北路小学对面）,http://p1.meituan.net/600.600/mogu/731c093219d4651b5c134a2bb05c6f77408078.png,113.271533,23.133489
美团,美食,赛百味（小北店）,越秀区环市中路300号天秀大厦首层B1铺自编之1号铺（近小北路A出口）,http://p1.meituan.net/600.600/mogu/98619a704c6f92cd86ed921d836dbb0828864.jpg,113.27437,23.13881
美团,美食,越海茶餐厅,越秀区解放北路899号（越秀公园地铁站E出口）,http://p0.meituan.net/600.600/mogu/0b2cf0f790d6dd7707cc3a4e6d14670a138296.jpg,113.261604,23.138843
美团,美食,利口福（法政店）,越秀区法政路60号102自编2号铺,http://p0.meituan.net/600.600/poi/aa929f5c7184be226d5e2fb4f585942967584.jpg,113.272114,23.132426
美团,美食,甜酸果乐汇,越秀区解放北路980号（西汉南越王博物馆售票处正对面）,http://p1.meituan.net/600.600/deal/477fc1ee1f5d308cd5636e871cd7b95638936.jpg,113.261959,23.137931
美团,美食,中国大酒店·食街,越秀区流花路122号中国大酒店首层（近越秀公园）,http://p0.meituan.net/600.600/mogu/05f58e2c7383dcdc2ebb7f7f2d54328645828.jpg,113.259831,23.139725
美团,美食,宫崎外卖寿司,"越秀区小北路接龙一巷30号（鹏源发展大厦旁,接龙社区）",http://p0.meituan.net/600.600/ugcpic/94d21c1c4ae0170220583ae609ca8c40,113.27078,23.135531
美团,美食,吾正宗茶餐厅,越秀区仁安新街（接龙一巷）34号102-2号（鹏源发展大厦内进90米）,http://p1.meituan.net/600.600/mogu/ba47de33673c5afa99ca13686df8eb5922004.jpg,113.270616,23.135528
美团,美食,宴八方,越秀区东风中路439号越秀城市广场3楼（东风中路与小北路交叉处，近正骨医院）,http://p1.meituan.net/600.600/deal/__32691524__9163519.jpg,113.272053,23.131505
美团,美食,客家王（时代地产店）,越秀区东风中路410号时代地产中心3楼（正骨医院对面）,http://p1.meituan.net/600.600/mogu/8ce9cffdcd4b9f793ab31b21c4e2ba7098774.jpg,113.271967,23.130602
美团,美食,烧鹅哥总店,越秀区解放北路978号（南越王博物馆正对面）,http://p0.meituan.net/600.600/deal/f5292a39aef35043e3d296b172fae6f538774.jpg,113.261989,23.137837
